<step title="Incoming Request" date="2026-02-11T20:02:53.455" instance="97aa17" url="/api/publish?async=true&amp;deployer=GITHUB_ONE_DEPLOY&amp;type=zip&amp;message=%7B%22type%22%3A%22deployment%22%2C%22sha%22%3A%22ecec86a0a1cb35a09b38154d859bf4393de26408%22%2C%22repoName%22%3A%22punkouter26%2FPoLingual%22%2C%22actor%22%3A%22punkouter26%22%2C%22slotName%22%3A%22production%22%2C%22commitMessage%22%3A%22fix%3A%20correct%20Azure%20resource%20names%20and%20app%20service%20plan%20reference%5Cn%5Cn-%20Use%20actual%20app%20name%20%27app-polingual%27%20instead%20of%20%27app-polingual-dev%27%5Cn-%20Use%20actual%20storage%20name%20%27stpolingual26%27%5Cn-%20Reference%20local%20ASP%20%27asp-polingual%27%20instead%20of%20shared%5Cn-%20Use%20correct%20shared%20resource%20names%20(PoShared-LogAnalytics%2C%20poappideinsights8f9c9a4e)%22%7D" method="POST" type="request" pid="832,1,5" Host="app-polingual.scm.azurewebsites.net" User-Agent="GITHUBACTIONS_DeployWebAppToAzure_0632014fcfad31721c4b3df6ed340e8013d6e5466181ef5c314e57f74b3d2cf9" Authorization="Bea..." Content-Type="application/octet-stream" Cookie="ARRAffinity=97aa17d1b134306e3cea6cb1aabfcd9e65e71ad7a092c69496ca6600a475dff3;Path=/;HttpOnly;Secure;Domain=app-polingual.scm.azurewebsites.net; ARRAffinitySameSite=97aa17d1b134306e3cea6cb1aabfcd9e65e71ad7a092c69496ca6600a475dff3;Path=/;HttpOnly;SameSite=None;Secure;Domain=app-polingual.scm.azurewebsites.net" Transfer-Encoding="chunked" X-ARR-LOG-ID="56405d35-2035-44d9-b8be-fc7552936adf" CLIENT-IP="172.215.210.227:5152" X-SITE-DEPLOYMENT-ID="app-polingual" WAS-DEFAULT-HOSTNAME="app-polingual.scm.azurewebsites.net" X-Forwarded-Proto="https" X-AppService-Proto="https" X-Forwarded-TlsVersion="1.3" X-WAWS-Unencoded-URL="/api/publish?async=true&amp;deployer=GITHUB_ONE_DEPLOY&amp;type=zip&amp;message=%7B%22type%22%3A%22deployment%22%2C%22sha%22%3A%22ecec86a0a1cb35a09b38154d859bf4393de26408%22%2C%22repoName%22%3A%22punkouter26%2FPoLingual%22%2C%22actor%22%3A%22punkouter26%22%2C%22slotName%22%3A%22production%22%2C%22commitMessage%22%3A%22fix%3A%20correct%20Azure%20resource%20names%20and%20app%20service%20plan%20reference%5Cn%5Cn-%20Use%20actual%20app%20name%20%27app-polingual%27%20instead%20of%20%27app-polingual-dev%27%5Cn-%20Use%20actual%20storage%20name%20%27stpolingual26%27%5Cn-%20Reference%20local%20ASP%20%27asp-polingual%27%20instead%20of%20shared%5Cn-%20Use%20correct%20shared%20resource%20names%20(PoShared-LogAnalytics%2C%20poappideinsights8f9c9a4e)%22%7D" X-Client-IP="172.215.210.227" X-Client-Port="5152" >
  <step title="Cleanup Xml Logs" date="2026-02-11T20:02:53.482" /><!-- duration: 204ms -->
  <step title="OneDeploy" date="2026-02-11T20:02:56.293" >
    <step title="None repository commit" date="2026-02-11T20:02:56.404" >
      <step title="Commit id: ff59305e-99f8-4ee6-b0cc-8425a0b9be16" date="2026-02-11T20:02:56.456" Message="N/A" AuthorName="N/A" AuthorEmail="N/A" /><!-- duration: 29ms -->
    </step><!-- duration: 124ms -->
    <step title="Starting PushDeployAsync" date="2026-02-11T20:02:56.541" /><!-- duration: 20ms -->
    <step title="Writing artifact to /tmp/zipdeploy/51298ea0-5a2d-4417-8725-ceb595a16ffb.zip" date="2026-02-11T20:02:56.673" >
      <step title="Writing multipart request body to /tmp/zipdeploy/51298ea0-5a2d-4417-8725-ceb595a16ffb.zip" date="2026-02-11T20:02:56.710" /><!-- duration: 15ms -->
    </step><!-- duration: 25628ms -->
    <step title="Start deployment in the background" date="2026-02-11T20:03:22.392" >
      <step title="Acquiring Deployment Lock" date="2026-02-11T20:03:22.534" /><!-- duration: 17ms -->
      <step title="Acquired Deployment Lock" date="2026-02-11T20:03:22.886" /><!-- duration: 12ms -->
    </step><!-- duration: 1059ms -->
  </step><!-- duration: 27272ms -->
  <step title="Outgoing response" date="2026-02-11T20:03:23.677" type="response" statusCode="202" statusText="Accepted" /><!-- duration: 13ms -->
</step><!-- duration: 30240ms -->
