﻿<?xml version="1.0" encoding="utf-8"?>
<deployment>
  <id>ff59305e-99f8-4ee6-b0cc-8425a0b9be16</id>
  <author>N/A</author>
  <deployer>OneDeploy</deployer>
  <authorEmail>N/A</authorEmail>
  <message>OneDeploy</message>
  <progress></progress>
  <status>Success</status>
  <statusText></statusText>
  <lastSuccessEndTime>2026-02-11T20:04:17.4073423Z</lastSuccessEndTime>
  <receivedTime>2026-02-11T20:03:45.8340989Z</receivedTime>
  <startTime>2026-02-11T20:03:47.5681747Z</startTime>
  <endTime>2026-02-11T20:04:17.4073423Z</endTime>
  <complete>True</complete>
  <is_temp>False</is_temp>
  <is_readonly>True</is_readonly>
  <containerId>2f5aaea43b78</containerId>
  <buildSummary />
</deployment>